iteration;pheromone_exponent;length_exponent;evaporation_coefficient;pheromone_leaving_coefficient;total_distance;path;
1;1.3;1.0;0.0;1.0;6010.620895309821;[0, 10, 3, 17, 6, 19, 8, 24, 1, 20, 16, 7, 9, 2, 21, 14, 22, 11, 13, 4, 5, 18, 15, 23, 12, 0];
2;1.3;1.0;0.0;1.1111111111111112;6254.140816444079;[0, 15, 18, 7, 14, 22, 21, 2, 11, 5, 13, 4, 8, 19, 23, 17, 6, 20, 1, 10, 3, 24, 9, 16, 12, 0];
3;1.3;1.0;0.0;1.2222222222222223;6136.707248527421;[0, 3, 17, 15, 18, 8, 19, 5, 1, 10, 7, 12, 6, 23, 24, 13, 4, 11, 14, 9, 2, 16, 21, 22, 20, 0];
4;1.3;1.0;0.0;1.3333333333333333;6371.547026149015;[0, 7, 9, 2, 22, 14, 12, 16, 10, 13, 5, 3, 17, 6, 23, 15, 18, 8, 19, 4, 11, 21, 1, 20, 24, 0];
5;1.3;1.0;0.0;1.4444444444444444;6332.634177248514;[0, 24, 3, 7, 20, 6, 23, 17, 5, 13, 4, 11, 19, 18, 8, 14, 22, 1, 12, 10, 16, 21, 9, 2, 15, 0];
6;1.3;1.0;0.0;1.5555555555555556;6207.0250031538635;[0, 10, 12, 1, 14, 2, 16, 9, 24, 15, 23, 6, 17, 18, 19, 8, 13, 4, 5, 11, 22, 21, 20, 3, 7, 0];
7;1.3;1.0;0.0;1.6666666666666665;6389.442477019856;[0, 11, 2, 14, 10, 1, 12, 6, 17, 23, 7, 21, 22, 9, 16, 5, 4, 13, 19, 8, 18, 15, 20, 24, 3, 0];
8;1.3;1.0;0.0;1.7777777777777777;5904.176005681714;[0, 3, 10, 1, 12, 23, 17, 21, 2, 14, 4, 5, 13, 8, 19, 18, 22, 11, 9, 16, 7, 20, 6, 15, 24, 0];
9;1.3;1.0;0.0;1.8888888888888888;6050.670889557891;[0, 13, 5, 19, 8, 18, 15, 24, 20, 6, 22, 2, 9, 16, 10, 14, 11, 4, 21, 7, 12, 1, 3, 17, 23, 0];
10;1.3;1.0;0.0;2.0;6281.340204370155;[0, 23, 6, 3, 24, 18, 19, 8, 5, 4, 16, 2, 7, 9, 21, 22, 14, 1, 20, 15, 17, 12, 10, 11, 13, 0];
11;1.3;1.0;0.125;1.0;6116.141252935345;[0, 10, 13, 5, 4, 8, 19, 18, 14, 21, 16, 2, 9, 22, 11, 1, 3, 24, 6, 17, 23, 15, 7, 12, 20, 0];
12;1.3;1.0;0.125;1.1111111111111112;5826.112534903695;[0, 24, 6, 17, 23, 20, 3, 10, 12, 1, 5, 4, 13, 18, 19, 8, 7, 14, 16, 9, 2, 21, 22, 11, 15, 0];
13;1.3;1.0;0.125;1.2222222222222223;6208.863076224152;[0, 24, 6, 10, 12, 1, 23, 15, 8, 19, 18, 5, 13, 14, 22, 7, 2, 9, 16, 11, 21, 4, 17, 20, 3, 0];
14;1.3;1.0;0.125;1.3333333333333333;6344.7341028682495;[0, 24, 22, 14, 11, 19, 8, 18, 5, 4, 2, 21, 7, 3, 10, 9, 16, 20, 1, 12, 15, 17, 23, 6, 13, 0];
15;1.3;1.0;0.125;1.4444444444444444;6385.343827563683;[0, 20, 1, 10, 18, 19, 8, 16, 9, 14, 7, 4, 11, 2, 21, 22, 12, 3, 6, 23, 17, 15, 24, 5, 13, 0];
16;1.3;1.0;0.125;1.5555555555555556;5608.258991264189;[0, 12, 20, 7, 9, 22, 11, 13, 5, 4, 18, 8, 19, 15, 24, 23, 17, 6, 10, 16, 2, 14, 21, 1, 3, 0];
17;1.3;1.0;0.125;1.6666666666666665;6094.45735121863;[0, 23, 17, 15, 13, 11, 14, 22, 4, 8, 19, 18, 24, 3, 7, 10, 12, 1, 20, 16, 9, 2, 21, 5, 6, 0];
18;1.3;1.0;0.125;1.7777777777777777;6074.865532791144;[0, 1, 7, 14, 4, 11, 22, 9, 16, 21, 2, 10, 3, 20, 6, 23, 17, 18, 19, 8, 12, 24, 15, 5, 13, 0];
19;1.3;1.0;0.125;1.8888888888888888;6218.928114723948;[0, 15, 23, 17, 24, 19, 8, 18, 5, 21, 9, 16, 2, 14, 13, 11, 22, 7, 3, 10, 20, 12, 1, 6, 4, 0];
20;1.3;1.0;0.125;2.0;5650.657443021668;[0, 15, 23, 17, 6, 10, 5, 13, 4, 8, 19, 18, 7, 9, 16, 14, 22, 11, 21, 2, 1, 12, 3, 20, 24, 0];
21;1.3;1.0;0.25;1.0;4087.394681118229;[0, 24, 3, 12, 1, 10, 7, 16, 9, 2, 14, 22, 21, 11, 4, 13, 5, 18, 8, 19, 15, 23, 17, 6, 20, 0];
22;1.3;1.0;0.25;1.1111111111111112;4408.960089226753;[0, 24, 3, 12, 1, 20, 7, 14, 22, 2, 21, 16, 9, 11, 4, 13, 5, 19, 8, 18, 15, 23, 17, 6, 10, 0];
23;1.3;1.0;0.25;1.2222222222222223;4763.728411816463;[0, 24, 23, 15, 17, 6, 20, 1, 12, 10, 7, 9, 16, 21, 2, 14, 11, 13, 4, 22, 3, 19, 8, 18, 5, 0];
24;1.3;1.0;0.25;1.3333333333333333;4520.7265026662535;[0, 24, 3, 17, 23, 6, 15, 19, 8, 18, 5, 13, 20, 1, 12, 10, 7, 9, 16, 21, 2, 14, 22, 11, 4, 0];
25;1.3;1.0;0.25;1.4444444444444444;4251.34323002237;[0, 3, 24, 15, 19, 8, 18, 5, 13, 4, 11, 22, 14, 2, 21, 9, 16, 7, 12, 1, 20, 10, 17, 23, 6, 0];
26;1.3;1.0;0.25;1.5555555555555556;4190.437307526443;[0, 7, 16, 9, 21, 2, 14, 22, 11, 4, 13, 5, 18, 8, 19, 15, 23, 17, 24, 3, 1, 12, 10, 20, 6, 0];
27;1.3;1.0;0.25;1.6666666666666665;3977.77131645132;[0, 24, 3, 12, 1, 7, 16, 9, 21, 2, 14, 22, 11, 4, 5, 13, 8, 19, 18, 15, 23, 17, 6, 20, 10, 0];
28;1.3;1.0;0.25;1.7777777777777777;3832.591804048331;[0, 24, 10, 7, 9, 16, 21, 2, 14, 22, 11, 4, 13, 5, 19, 8, 18, 15, 17, 23, 6, 20, 1, 12, 3, 0];
29;1.3;1.0;0.25;1.8888888888888888;4195.535098118571;[0, 24, 15, 17, 23, 18, 19, 8, 13, 5, 4, 11, 22, 14, 2, 9, 16, 21, 7, 10, 12, 1, 20, 6, 3, 0];
30;1.3;1.0;0.25;2.0;3874.163420274682;[0, 24, 17, 23, 6, 15, 8, 18, 19, 13, 5, 4, 11, 22, 14, 2, 21, 16, 9, 7, 10, 12, 1, 20, 3, 0];
31;1.3;1.0;0.375;1.0;3597.1158176499816;[0, 24, 3, 12, 1, 20, 6, 17, 23, 15, 19, 8, 18, 5, 13, 4, 11, 22, 14, 2, 21, 9, 16, 7, 10, 0];
32;1.3;1.0;0.375;1.1111111111111112;3660.9662928399534;[0, 24, 23, 17, 15, 8, 19, 18, 5, 13, 4, 11, 22, 14, 2, 21, 9, 16, 7, 10, 12, 1, 20, 6, 3, 0];
33;1.3;1.0;0.375;1.2222222222222223;3719.463122213354;[0, 24, 15, 19, 8, 18, 5, 13, 4, 11, 22, 14, 2, 21, 9, 16, 7, 10, 12, 1, 20, 6, 17, 23, 3, 0];
34;1.3;1.0;0.375;1.3333333333333333;3642.5632809746508;[0, 24, 3, 12, 1, 20, 6, 17, 23, 15, 19, 18, 8, 5, 13, 4, 11, 22, 14, 2, 21, 9, 16, 7, 10, 0];
35;1.3;1.0;0.375;1.4444444444444444;3595.219891772706;[0, 24, 3, 12, 1, 20, 6, 17, 23, 15, 8, 19, 18, 5, 13, 4, 11, 22, 14, 2, 21, 9, 16, 7, 10, 0];
36;1.3;1.0;0.375;1.5555555555555556;3595.219891772706;[0, 24, 3, 12, 1, 20, 6, 17, 23, 15, 8, 19, 18, 5, 13, 4, 11, 22, 14, 2, 21, 9, 16, 7, 10, 0];
37;1.3;1.0;0.375;1.6666666666666665;3660.9662928399534;[0, 24, 23, 17, 15, 8, 19, 18, 5, 13, 4, 11, 22, 14, 2, 21, 9, 16, 7, 10, 12, 1, 20, 6, 3, 0];
38;1.3;1.0;0.375;1.7777777777777777;3597.1158176499816;[0, 24, 3, 12, 1, 20, 6, 17, 23, 15, 19, 8, 18, 5, 13, 4, 11, 22, 14, 2, 21, 9, 16, 7, 10, 0];
39;1.3;1.0;0.375;1.8888888888888888;3604.4694394955213;[0, 24, 6, 23, 17, 15, 8, 19, 18, 5, 13, 4, 11, 22, 14, 2, 21, 9, 16, 7, 10, 12, 1, 20, 3, 0];
40;1.3;1.0;0.375;2.0;3595.219891772706;[0, 24, 3, 12, 1, 20, 6, 17, 23, 15, 8, 19, 18, 5, 13, 4, 11, 22, 14, 2, 21, 9, 16, 7, 10, 0];
41;1.3;1.0;0.5;1.0;3595.219891772706;[0, 24, 3, 12, 1, 20, 6, 17, 23, 15, 8, 19, 18, 5, 13, 4, 11, 22, 14, 2, 21, 9, 16, 7, 10, 0];
42;1.3;1.0;0.5;1.1111111111111112;3790.5472910827534;[0, 24, 3, 10, 12, 1, 20, 6, 17, 23, 15, 8, 19, 18, 5, 13, 4, 11, 22, 14, 2, 21, 16, 9, 7, 0];
43;1.3;1.0;0.5;1.2222222222222223;3597.1158176499816;[0, 24, 3, 12, 1, 20, 6, 17, 23, 15, 19, 8, 18, 5, 13, 4, 11, 22, 14, 2, 21, 9, 16, 7, 10, 0];
44;1.3;1.0;0.5;1.3333333333333333;3595.219891772706;[0, 24, 3, 12, 1, 20, 6, 17, 23, 15, 8, 19, 18, 5, 13, 4, 11, 22, 14, 2, 21, 9, 16, 7, 10, 0];
45;1.3;1.0;0.5;1.4444444444444444;3595.219891772706;[0, 24, 3, 12, 1, 20, 6, 17, 23, 15, 8, 19, 18, 5, 13, 4, 11, 22, 14, 2, 21, 9, 16, 7, 10, 0];
46;1.3;1.0;0.5;1.5555555555555556;3595.219891772706;[0, 24, 3, 12, 1, 20, 6, 17, 23, 15, 8, 19, 18, 5, 13, 4, 11, 22, 14, 2, 21, 9, 16, 7, 10, 0];
47;1.3;1.0;0.5;1.6666666666666665;3554.476523057485;[0, 24, 6, 17, 23, 15, 19, 8, 18, 5, 13, 4, 11, 22, 14, 2, 21, 9, 16, 7, 10, 12, 1, 20, 3, 0];
48;1.3;1.0;0.5;1.7777777777777777;3595.219891772706;[0, 24, 3, 12, 1, 20, 6, 17, 23, 15, 8, 19, 18, 5, 13, 4, 11, 22, 14, 2, 21, 9, 16, 7, 10, 0];
49;1.3;1.0;0.5;1.8888888888888888;3597.1158176499816;[0, 24, 3, 12, 1, 20, 6, 17, 23, 15, 19, 8, 18, 5, 13, 4, 11, 22, 14, 2, 21, 9, 16, 7, 10, 0];
50;1.3;1.0;0.5;2.0;3700.6765953180543;[0, 24, 3, 12, 1, 20, 6, 17, 23, 15, 18, 8, 19, 5, 13, 4, 11, 22, 14, 2, 21, 16, 9, 7, 10, 0];
51;1.3;1.25;0.0;1.0;6091.200687433786;[0, 24, 21, 12, 1, 20, 3, 17, 6, 23, 15, 18, 19, 8, 11, 10, 14, 22, 2, 7, 16, 9, 4, 13, 5, 0];
52;1.3;1.25;0.0;1.1111111111111112;5687.310303520793;[0, 18, 19, 8, 5, 13, 1, 12, 16, 9, 21, 2, 14, 22, 11, 4, 23, 17, 15, 6, 3, 24, 7, 10, 20, 0];
53;1.3;1.25;0.0;1.2222222222222223;5157.967902451635;[0, 1, 12, 10, 24, 6, 17, 23, 15, 8, 19, 18, 5, 4, 11, 21, 14, 22, 7, 16, 9, 2, 13, 3, 20, 0];
54;1.3;1.25;0.0;1.3333333333333333;5081.492842717527;[0, 24, 3, 6, 23, 17, 15, 19, 8, 18, 5, 13, 11, 10, 12, 1, 20, 16, 7, 2, 22, 14, 9, 21, 4, 0];
55;1.3;1.25;0.0;1.4444444444444444;5219.361391851937;[0, 24, 17, 23, 15, 6, 18, 19, 8, 11, 5, 13, 4, 14, 16, 9, 21, 22, 2, 7, 10, 12, 1, 3, 20, 0];
56;1.3;1.25;0.0;1.5555555555555556;5012.0021471066575;[0, 24, 4, 5, 18, 19, 8, 13, 11, 22, 14, 2, 9, 21, 16, 10, 7, 1, 12, 6, 17, 23, 15, 3, 20, 0];
57;1.3;1.25;0.0;1.6666666666666665;5931.744688943091;[0, 2, 7, 21, 9, 16, 11, 14, 22, 13, 18, 8, 19, 15, 23, 17, 6, 3, 12, 10, 24, 20, 1, 5, 4, 0];
58;1.3;1.25;0.0;1.7777777777777777;5640.958976441213;[0, 23, 17, 6, 15, 3, 24, 12, 7, 16, 21, 9, 22, 14, 2, 20, 1, 10, 11, 13, 5, 19, 18, 8, 4, 0];
59;1.3;1.25;0.0;1.8888888888888888;5637.057581882092;[0, 4, 11, 14, 22, 13, 5, 19, 8, 18, 21, 2, 9, 16, 7, 24, 15, 3, 12, 10, 23, 17, 6, 20, 1, 0];
60;1.3;1.25;0.0;2.0;5939.362880816263;[0, 24, 13, 19, 8, 18, 15, 3, 12, 7, 2, 22, 14, 11, 4, 5, 21, 16, 9, 1, 10, 6, 17, 23, 20, 0];
61;1.3;1.25;0.125;1.0;5503.482154792988;[0, 3, 24, 17, 23, 6, 1, 12, 10, 16, 9, 21, 2, 4, 13, 5, 11, 14, 22, 18, 8, 19, 15, 20, 7, 0];
62;1.3;1.25;0.125;1.1111111111111112;5572.397492227137;[0, 20, 7, 10, 1, 9, 21, 16, 2, 22, 14, 5, 18, 8, 19, 4, 11, 13, 12, 3, 17, 23, 6, 15, 24, 0];
63;1.3;1.25;0.125;1.2222222222222223;5342.283455247891;[0, 24, 23, 17, 6, 3, 20, 1, 15, 19, 8, 18, 5, 22, 4, 11, 21, 14, 2, 9, 16, 7, 10, 12, 13, 0];
64;1.3;1.25;0.125;1.3333333333333333;5461.629264808801;[0, 10, 7, 12, 15, 17, 23, 3, 24, 18, 19, 8, 4, 11, 13, 5, 22, 21, 14, 2, 9, 16, 1, 20, 6, 0];
65;1.3;1.25;0.125;1.4444444444444444;4580.987661788566;[0, 24, 3, 10, 12, 1, 20, 7, 9, 16, 21, 22, 14, 2, 11, 4, 18, 8, 19, 13, 5, 15, 23, 6, 17, 0];
66;1.3;1.25;0.125;1.5555555555555556;5123.096572403102;[0, 6, 23, 17, 3, 20, 1, 7, 16, 14, 2, 21, 9, 22, 11, 4, 13, 5, 19, 8, 18, 24, 10, 12, 15, 0];
67;1.3;1.25;0.125;1.6666666666666665;5260.537808984306;[0, 17, 23, 15, 3, 24, 6, 20, 12, 1, 10, 16, 7, 14, 22, 21, 9, 2, 13, 5, 8, 19, 18, 11, 4, 0];
68;1.3;1.25;0.125;1.7777777777777777;5600.404684202889;[0, 12, 1, 7, 9, 16, 2, 14, 22, 11, 4, 5, 13, 18, 19, 8, 23, 15, 24, 6, 3, 17, 20, 10, 21, 0];
69;1.3;1.25;0.125;1.8888888888888888;5513.051200158954;[0, 24, 23, 17, 3, 15, 8, 18, 19, 5, 13, 4, 11, 2, 14, 9, 21, 16, 22, 6, 12, 1, 20, 10, 7, 0];
70;1.3;1.25;0.125;2.0;5506.570904508459;[0, 3, 7, 21, 14, 18, 8, 19, 5, 13, 4, 2, 11, 22, 9, 16, 10, 24, 15, 23, 17, 6, 20, 12, 1, 0];
71;1.3;1.25;0.25;1.0;3822.1072202699447;[0, 24, 3, 10, 12, 1, 7, 16, 9, 21, 2, 14, 22, 11, 4, 13, 5, 18, 8, 19, 15, 23, 17, 6, 20, 0];
72;1.3;1.25;0.25;1.1111111111111112;4220.265564709897;[0, 3, 24, 6, 17, 23, 15, 8, 19, 18, 4, 13, 5, 11, 22, 14, 21, 2, 16, 9, 7, 10, 1, 12, 20, 0];
73;1.3;1.25;0.25;1.2222222222222223;3784.644931665131;[0, 24, 3, 10, 12, 1, 20, 6, 23, 17, 15, 8, 19, 18, 5, 13, 4, 11, 22, 14, 2, 21, 9, 16, 7, 0];
74;1.3;1.25;0.25;1.3333333333333333;4379.537152255767;[0, 24, 17, 23, 15, 5, 13, 4, 11, 22, 14, 2, 21, 16, 9, 7, 10, 12, 1, 20, 6, 3, 19, 8, 18, 0];
75;1.3;1.25;0.25;1.4444444444444444;4205.443848312954;[0, 24, 3, 20, 12, 1, 7, 10, 21, 9, 16, 2, 14, 22, 11, 4, 13, 5, 8, 19, 18, 15, 23, 17, 6, 0];
76;1.3;1.25;0.25;1.5555555555555556;4168.133690634159;[0, 24, 3, 12, 10, 1, 20, 6, 17, 23, 15, 8, 19, 18, 5, 13, 4, 11, 22, 14, 21, 9, 16, 7, 2, 0];
77;1.3;1.25;0.25;1.6666666666666665;3682.136116734861;[0, 24, 17, 23, 15, 19, 8, 18, 5, 13, 4, 11, 22, 14, 2, 21, 16, 9, 7, 10, 12, 1, 20, 6, 3, 0];
78;1.3;1.25;0.25;1.7777777777777777;4253.088951440886;[0, 24, 18, 19, 8, 13, 5, 4, 11, 22, 14, 2, 21, 9, 16, 7, 10, 12, 1, 20, 6, 23, 17, 3, 15, 0];
79;1.3;1.25;0.25;1.8888888888888888;4112.781010264725;[0, 24, 3, 6, 17, 23, 15, 18, 8, 19, 5, 13, 4, 11, 22, 14, 2, 21, 9, 16, 20, 1, 12, 10, 7, 0];
80;1.3;1.25;0.25;2.0;4090.601367133541;[0, 24, 6, 20, 3, 12, 1, 10, 7, 9, 16, 21, 2, 14, 22, 11, 4, 5, 13, 19, 8, 18, 15, 23, 17, 0];
81;1.3;1.25;0.375;1.0;3760.506177106163;[0, 24, 3, 6, 17, 23, 15, 8, 19, 18, 5, 13, 4, 11, 22, 14, 2, 21, 16, 9, 7, 10, 12, 1, 20, 0];
82;1.3;1.25;0.375;1.1111111111111112;3597.1158176499816;[0, 24, 3, 12, 1, 20, 6, 17, 23, 15, 19, 8, 18, 5, 13, 4, 11, 22, 14, 2, 21, 9, 16, 7, 10, 0];
83;1.3;1.25;0.375;1.2222222222222223;3719.674589203307;[0, 24, 23, 17, 6, 15, 8, 19, 18, 5, 13, 4, 11, 22, 14, 2, 21, 16, 9, 7, 10, 12, 1, 20, 3, 0];
84;1.3;1.25;0.375;1.3333333333333333;3653.01109350564;[0, 24, 3, 12, 1, 20, 6, 17, 23, 15, 8, 19, 18, 5, 13, 4, 11, 22, 14, 2, 21, 16, 9, 7, 10, 0];
85;1.3;1.25;0.375;1.4444444444444444;3595.219891772706;[0, 24, 3, 12, 1, 20, 6, 17, 23, 15, 8, 19, 18, 5, 13, 4, 11, 22, 14, 2, 21, 9, 16, 7, 10, 0];
86;1.3;1.25;0.375;1.5555555555555556;3622.4489891246517;[0, 24, 17, 23, 15, 8, 19, 18, 5, 13, 4, 11, 22, 14, 2, 21, 9, 16, 7, 10, 12, 1, 20, 6, 3, 0];
87;1.3;1.25;0.375;1.6666666666666665;3552.58059718021;[0, 24, 6, 17, 23, 15, 8, 19, 18, 5, 13, 4, 11, 22, 14, 2, 21, 9, 16, 7, 10, 12, 1, 20, 3, 0];
88;1.3;1.25;0.375;1.7777777777777777;3595.219891772706;[0, 24, 3, 12, 1, 20, 6, 17, 23, 15, 8, 19, 18, 5, 13, 4, 11, 22, 14, 2, 21, 9, 16, 7, 10, 0];
89;1.3;1.25;0.375;1.8888888888888888;3752.5654376333655;[0, 24, 3, 12, 1, 20, 6, 23, 17, 15, 18, 8, 19, 5, 13, 4, 11, 22, 14, 2, 21, 16, 9, 7, 10, 0];
90;1.3;1.25;0.375;2.0;3600.246098992624;[0, 24, 6, 17, 23, 15, 18, 8, 19, 5, 13, 4, 11, 22, 14, 2, 21, 9, 16, 7, 10, 12, 1, 20, 3, 0];
91;1.3;1.25;0.5;1.0;3595.219891772706;[0, 24, 3, 12, 1, 20, 6, 17, 23, 15, 8, 19, 18, 5, 13, 4, 11, 22, 14, 2, 21, 9, 16, 7, 10, 0];
92;1.3;1.25;0.5;1.1111111111111112;3595.219891772706;[0, 24, 3, 12, 1, 20, 6, 17, 23, 15, 8, 19, 18, 5, 13, 4, 11, 22, 14, 2, 21, 9, 16, 7, 10, 0];
93;1.3;1.25;0.5;1.2222222222222223;3595.219891772706;[0, 24, 3, 12, 1, 20, 6, 17, 23, 15, 8, 19, 18, 5, 13, 4, 11, 22, 14, 2, 21, 9, 16, 7, 10, 0];
94;1.3;1.25;0.5;1.3333333333333333;3612.267724790419;[0, 24, 6, 17, 23, 15, 19, 8, 18, 5, 13, 4, 11, 22, 14, 2, 21, 16, 9, 7, 10, 12, 1, 20, 3, 0];
95;1.3;1.25;0.5;1.4444444444444444;3622.4489891246512;[0, 3, 6, 20, 1, 12, 10, 7, 16, 9, 21, 2, 14, 22, 11, 4, 13, 5, 18, 19, 8, 15, 23, 17, 24, 0];
96;1.3;1.25;0.5;1.5555555555555556;3653.01109350564;[0, 24, 3, 12, 1, 20, 6, 17, 23, 15, 8, 19, 18, 5, 13, 4, 11, 22, 14, 2, 21, 16, 9, 7, 10, 0];
97;1.3;1.25;0.5;1.6666666666666665;3595.219891772706;[0, 24, 3, 12, 1, 20, 6, 17, 23, 15, 8, 19, 18, 5, 13, 4, 11, 22, 14, 2, 21, 9, 16, 7, 10, 0];
98;1.3;1.25;0.5;1.7777777777777777;3595.219891772706;[0, 24, 3, 12, 1, 20, 6, 17, 23, 15, 8, 19, 18, 5, 13, 4, 11, 22, 14, 2, 21, 9, 16, 7, 10, 0];
99;1.3;1.25;0.5;1.8888888888888888;3653.01109350564;[0, 24, 3, 12, 1, 20, 6, 17, 23, 15, 8, 19, 18, 5, 13, 4, 11, 22, 14, 2, 21, 16, 9, 7, 10, 0];
100;1.3;1.25;0.5;2.0;3653.01109350564;[0, 24, 3, 12, 1, 20, 6, 17, 23, 15, 8, 19, 18, 5, 13, 4, 11, 22, 14, 2, 21, 16, 9, 7, 10, 0];
101;1.3;1.5;0.0;1.0;5519.761193555026;[0, 24, 1, 12, 10, 2, 14, 22, 11, 8, 19, 18, 15, 23, 17, 6, 20, 5, 13, 4, 9, 16, 21, 7, 3, 0];
102;1.3;1.5;0.0;1.1111111111111112;5328.947142474611;[0, 10, 12, 1, 20, 5, 13, 4, 22, 14, 2, 21, 9, 16, 7, 8, 19, 18, 11, 24, 15, 17, 23, 6, 3, 0];
103;1.3;1.5;0.0;1.2222222222222223;5457.72121394715;[0, 24, 3, 15, 8, 19, 18, 13, 5, 11, 4, 22, 14, 7, 12, 1, 20, 23, 17, 6, 10, 16, 2, 9, 21, 0];
104;1.3;1.5;0.0;1.3333333333333333;5438.582557229829;[0, 24, 13, 11, 14, 21, 2, 9, 16, 7, 10, 1, 12, 20, 23, 17, 15, 6, 3, 4, 18, 19, 8, 5, 22, 0];
105;1.3;1.5;0.0;1.4444444444444444;5189.394057746362;[0, 5, 13, 4, 11, 10, 1, 9, 16, 7, 2, 21, 14, 22, 12, 20, 6, 17, 23, 15, 8, 19, 18, 3, 24, 0];
106;1.3;1.5;0.0;1.5555555555555556;4835.974071435265;[0, 6, 23, 17, 15, 3, 12, 1, 20, 8, 19, 18, 5, 13, 4, 11, 2, 21, 14, 22, 16, 9, 7, 10, 24, 0];
107;1.3;1.5;0.0;1.6666666666666665;5489.941953395984;[0, 10, 12, 1, 7, 21, 14, 11, 2, 9, 16, 22, 19, 8, 18, 4, 13, 5, 17, 23, 6, 15, 24, 3, 20, 0];
108;1.3;1.5;0.0;1.7777777777777777;5657.691321152263;[0, 3, 6, 17, 23, 15, 4, 18, 19, 8, 11, 14, 2, 9, 16, 21, 10, 12, 1, 7, 22, 13, 5, 24, 20, 0];
109;1.3;1.5;0.0;1.8888888888888888;5483.388858279211;[0, 18, 8, 19, 5, 13, 14, 2, 21, 16, 9, 10, 12, 3, 24, 1, 22, 11, 4, 7, 20, 6, 17, 23, 15, 0];
110;1.3;1.5;0.0;2.0;5149.907205508468;[0, 4, 13, 8, 18, 19, 5, 11, 14, 22, 21, 2, 9, 16, 12, 1, 7, 10, 15, 23, 17, 6, 24, 3, 20, 0];
111;1.3;1.5;0.125;1.0;5270.47623382974;[0, 3, 20, 15, 23, 17, 6, 24, 14, 2, 21, 16, 9, 11, 22, 7, 1, 12, 10, 4, 13, 5, 8, 19, 18, 0];
112;1.3;1.5;0.125;1.1111111111111112;5273.621037960102;[0, 1, 12, 14, 22, 11, 4, 13, 5, 19, 8, 18, 24, 15, 3, 23, 17, 6, 20, 10, 7, 2, 21, 9, 16, 0];
113;1.3;1.5;0.125;1.2222222222222223;5254.456735561513;[0, 6, 19, 18, 8, 11, 21, 9, 16, 7, 2, 14, 22, 13, 4, 5, 15, 23, 17, 24, 10, 1, 12, 20, 3, 0];
114;1.3;1.5;0.125;1.3333333333333333;5268.8918884990935;[0, 13, 19, 8, 18, 5, 24, 17, 15, 23, 6, 20, 12, 3, 7, 21, 9, 16, 2, 14, 22, 11, 4, 10, 1, 0];
115;1.3;1.5;0.125;1.4444444444444444;5284.415105518634;[0, 13, 4, 5, 18, 8, 19, 15, 3, 12, 1, 10, 7, 16, 9, 14, 2, 22, 11, 21, 20, 24, 17, 23, 6, 0];
116;1.3;1.5;0.125;1.5555555555555556;5329.003941020766;[0, 19, 8, 18, 5, 15, 23, 17, 6, 24, 3, 12, 1, 11, 4, 13, 22, 14, 2, 21, 16, 9, 20, 10, 7, 0];
117;1.3;1.5;0.125;1.6666666666666665;5558.181680807382;[0, 3, 14, 22, 11, 4, 13, 5, 18, 19, 8, 24, 15, 17, 23, 6, 20, 10, 7, 16, 9, 2, 1, 12, 21, 0];
118;1.3;1.5;0.125;1.7777777777777777;5526.576578498882;[0, 4, 22, 14, 2, 21, 18, 8, 19, 5, 15, 17, 23, 6, 20, 1, 3, 24, 10, 12, 7, 16, 9, 11, 13, 0];
119;1.3;1.5;0.125;1.8888888888888888;5009.827443717879;[0, 24, 3, 6, 17, 23, 15, 20, 12, 1, 10, 21, 2, 14, 22, 11, 4, 13, 5, 18, 19, 8, 7, 16, 9, 0];
120;1.3;1.5;0.125;2.0;4685.215947569431;[0, 24, 3, 12, 1, 9, 16, 7, 10, 21, 2, 22, 14, 4, 11, 13, 5, 19, 8, 18, 15, 23, 17, 6, 20, 0];
121;1.3;1.5;0.25;1.0;3917.0153385310336;[0, 24, 3, 12, 1, 7, 16, 9, 21, 2, 14, 22, 11, 4, 13, 5, 19, 8, 18, 15, 17, 23, 6, 20, 10, 0];
122;1.3;1.5;0.25;1.1111111111111112;3597.1158176499816;[0, 24, 3, 12, 1, 20, 6, 17, 23, 15, 19, 8, 18, 5, 13, 4, 11, 22, 14, 2, 21, 9, 16, 7, 10, 0];
123;1.3;1.5;0.25;1.2222222222222223;3700.6765953180543;[0, 24, 3, 12, 1, 20, 6, 17, 23, 15, 18, 8, 19, 5, 13, 4, 11, 22, 14, 2, 21, 16, 9, 7, 10, 0];
124;1.3;1.5;0.25;1.3333333333333333;4007.4915692548625;[0, 24, 3, 10, 7, 16, 9, 21, 2, 14, 22, 11, 4, 13, 5, 18, 19, 8, 15, 23, 17, 6, 1, 12, 20, 0];
125;1.3;1.5;0.25;1.4444444444444444;3554.476523057485;[0, 24, 6, 17, 23, 15, 19, 8, 18, 5, 13, 4, 11, 22, 14, 2, 21, 9, 16, 7, 10, 12, 1, 20, 3, 0];
126;1.3;1.5;0.25;1.5555555555555556;3649.004659965293;[0, 24, 3, 12, 1, 20, 6, 23, 17, 15, 19, 8, 18, 5, 13, 4, 11, 22, 14, 2, 21, 9, 16, 7, 10, 0];
127;1.3;1.5;0.25;1.6666666666666665;3696.880500475342;[0, 24, 3, 20, 1, 12, 10, 7, 9, 16, 21, 2, 14, 22, 11, 4, 13, 5, 18, 19, 8, 15, 23, 17, 6, 0];
128;1.3;1.5;0.25;1.7777777777777777;3720.653420450162;[0, 24, 23, 17, 15, 19, 8, 18, 5, 13, 4, 11, 22, 14, 2, 21, 16, 9, 7, 10, 12, 1, 20, 6, 3, 0];
129;1.3;1.5;0.25;1.8888888888888888;3552.58059718021;[0, 24, 6, 17, 23, 15, 8, 19, 18, 5, 13, 4, 11, 22, 14, 2, 21, 9, 16, 7, 10, 12, 1, 20, 3, 0];
130;1.3;1.5;0.25;2.0;3597.1158176499816;[0, 24, 3, 12, 1, 20, 6, 17, 23, 15, 19, 8, 18, 5, 13, 4, 11, 22, 14, 2, 21, 9, 16, 7, 10, 0];
131;1.3;1.5;0.375;1.0;3653.01109350564;[0, 24, 3, 12, 1, 20, 6, 17, 23, 15, 8, 19, 18, 5, 13, 4, 11, 22, 14, 2, 21, 16, 9, 7, 10, 0];
132;1.3;1.5;0.375;1.1111111111111112;3653.01109350564;[0, 24, 3, 12, 1, 20, 6, 17, 23, 15, 8, 19, 18, 5, 13, 4, 11, 22, 14, 2, 21, 16, 9, 7, 10, 0];
133;1.3;1.5;0.375;1.2222222222222223;3654.907019382915;[0, 24, 3, 12, 1, 20, 6, 17, 23, 15, 19, 8, 18, 5, 13, 4, 11, 22, 14, 2, 21, 16, 9, 7, 10, 0];
134;1.3;1.5;0.375;1.3333333333333333;3597.1158176499816;[0, 24, 3, 12, 1, 20, 6, 17, 23, 15, 19, 8, 18, 5, 13, 4, 11, 22, 14, 2, 21, 9, 16, 7, 10, 0];
135;1.3;1.5;0.375;1.4444444444444444;3595.219891772706;[0, 24, 3, 12, 1, 20, 6, 17, 23, 15, 8, 19, 18, 5, 13, 4, 11, 22, 14, 2, 21, 9, 16, 7, 10, 0];
136;1.3;1.5;0.375;1.5555555555555556;3595.219891772706;[0, 24, 3, 12, 1, 20, 6, 17, 23, 15, 8, 19, 18, 5, 13, 4, 11, 22, 14, 2, 21, 9, 16, 7, 10, 0];
137;1.3;1.5;0.375;1.6666666666666665;3595.219891772706;[0, 24, 3, 12, 1, 20, 6, 17, 23, 15, 8, 19, 18, 5, 13, 4, 11, 22, 14, 2, 21, 9, 16, 7, 10, 0];
138;1.3;1.5;0.375;1.7777777777777777;3654.907019382915;[0, 24, 3, 12, 1, 20, 6, 17, 23, 15, 19, 8, 18, 5, 13, 4, 11, 22, 14, 2, 21, 16, 9, 7, 10, 0];
139;1.3;1.5;0.375;1.8888888888888888;3595.219891772706;[0, 24, 3, 12, 1, 20, 6, 17, 23, 15, 8, 19, 18, 5, 13, 4, 11, 22, 14, 2, 21, 9, 16, 7, 10, 0];
140;1.3;1.5;0.375;2.0;3595.219891772706;[0, 24, 3, 12, 1, 20, 6, 17, 23, 15, 8, 19, 18, 5, 13, 4, 11, 22, 14, 2, 21, 9, 16, 7, 10, 0];
141;1.3;1.5;0.5;1.0;3670.5215326934936;[0, 24, 3, 10, 7, 16, 9, 21, 2, 14, 22, 11, 4, 13, 5, 18, 19, 8, 15, 23, 17, 6, 20, 1, 12, 0];
142;1.3;1.5;0.5;1.1111111111111112;3595.219891772706;[0, 24, 3, 12, 1, 20, 6, 17, 23, 15, 8, 19, 18, 5, 13, 4, 11, 22, 14, 2, 21, 9, 16, 7, 10, 0];
143;1.3;1.5;0.5;1.2222222222222223;3642.8853935851207;[0, 24, 3, 12, 1, 20, 6, 17, 23, 15, 18, 8, 19, 5, 13, 4, 11, 22, 14, 2, 21, 9, 16, 7, 10, 0];
144;1.3;1.5;0.5;1.3333333333333333;3595.219891772706;[0, 24, 3, 12, 1, 20, 6, 17, 23, 15, 8, 19, 18, 5, 13, 4, 11, 22, 14, 2, 21, 9, 16, 7, 10, 0];
145;1.3;1.5;0.5;1.4444444444444444;3595.219891772706;[0, 24, 3, 12, 1, 20, 6, 17, 23, 15, 8, 19, 18, 5, 13, 4, 11, 22, 14, 2, 21, 9, 16, 7, 10, 0];
146;1.3;1.5;0.5;1.5555555555555556;3595.219891772706;[0, 24, 3, 12, 1, 20, 6, 17, 23, 15, 8, 19, 18, 5, 13, 4, 11, 22, 14, 2, 21, 9, 16, 7, 10, 0];
147;1.3;1.5;0.5;1.6666666666666665;3595.219891772706;[0, 24, 3, 12, 1, 20, 6, 17, 23, 15, 8, 19, 18, 5, 13, 4, 11, 22, 14, 2, 21, 9, 16, 7, 10, 0];
148;1.3;1.5;0.5;1.7777777777777777;3622.4489891246517;[0, 24, 17, 23, 15, 8, 19, 18, 5, 13, 4, 11, 22, 14, 2, 21, 9, 16, 7, 10, 12, 1, 20, 6, 3, 0];
149;1.3;1.5;0.5;1.8888888888888888;3595.219891772706;[0, 24, 3, 12, 1, 20, 6, 17, 23, 15, 8, 19, 18, 5, 13, 4, 11, 22, 14, 2, 21, 9, 16, 7, 10, 0];
150;1.3;1.5;0.5;2.0;3622.4489891246517;[0, 24, 17, 23, 15, 8, 19, 18, 5, 13, 4, 11, 22, 14, 2, 21, 9, 16, 7, 10, 12, 1, 20, 6, 3, 0];
151;1.3;1.75;0.0;1.0;4842.051306595759;[0, 15, 18, 19, 8, 5, 4, 11, 13, 7, 9, 16, 21, 2, 22, 14, 10, 12, 1, 3, 24, 20, 6, 23, 17, 0];
152;1.3;1.75;0.0;1.1111111111111112;5123.0775346256805;[0, 24, 16, 9, 21, 2, 11, 7, 10, 3, 6, 17, 23, 15, 8, 19, 18, 5, 13, 4, 22, 14, 1, 12, 20, 0];
153;1.3;1.75;0.0;1.2222222222222223;4931.284391239376;[0, 24, 6, 15, 17, 23, 18, 19, 8, 11, 4, 22, 13, 5, 14, 21, 2, 9, 16, 7, 10, 1, 12, 20, 3, 0];
154;1.3;1.75;0.0;1.3333333333333333;5001.081375733382;[0, 3, 1, 10, 12, 20, 6, 23, 17, 15, 18, 8, 19, 5, 14, 22, 11, 4, 13, 2, 21, 9, 7, 16, 24, 0];
155;1.3;1.75;0.0;1.4444444444444444;4896.601569006673;[0, 10, 1, 12, 3, 24, 17, 23, 18, 8, 19, 5, 11, 4, 13, 14, 22, 2, 9, 21, 16, 7, 20, 6, 15, 0];
156;1.3;1.75;0.0;1.5555555555555556;5352.972737390709;[0, 23, 17, 15, 24, 3, 6, 20, 12, 18, 19, 8, 4, 13, 5, 11, 7, 16, 9, 2, 21, 14, 22, 1, 10, 0];
157;1.3;1.75;0.0;1.6666666666666665;4925.326944206645;[0, 5, 13, 4, 11, 18, 8, 19, 15, 24, 17, 23, 6, 12, 1, 20, 3, 10, 14, 22, 2, 9, 21, 16, 7, 0];
158;1.3;1.75;0.0;1.7777777777777777;4980.549525071759;[0, 13, 5, 4, 11, 14, 22, 9, 16, 21, 2, 7, 12, 1, 10, 17, 23, 15, 8, 19, 18, 24, 3, 6, 20, 0];
159;1.3;1.75;0.0;1.8888888888888888;4803.88062585782;[0, 24, 6, 17, 23, 15, 3, 10, 14, 22, 11, 2, 21, 9, 16, 7, 1, 20, 12, 4, 13, 5, 8, 19, 18, 0];
160;1.3;1.75;0.0;2.0;4721.86824399506;[0, 3, 12, 1, 20, 7, 16, 9, 21, 2, 14, 22, 19, 8, 18, 5, 13, 4, 11, 15, 17, 23, 6, 24, 10, 0];
161;1.3;1.75;0.125;1.0;4959.6890715185045;[0, 23, 17, 6, 24, 19, 8, 18, 5, 13, 4, 11, 22, 14, 7, 16, 9, 2, 21, 12, 10, 20, 1, 3, 15, 0];
162;1.3;1.75;0.125;1.1111111111111112;5053.489690207148;[0, 24, 3, 10, 20, 23, 17, 15, 6, 12, 7, 1, 2, 21, 16, 9, 14, 22, 11, 4, 13, 5, 8, 19, 18, 0];
163;1.3;1.75;0.125;1.2222222222222223;5150.2918741873855;[0, 3, 11, 13, 5, 8, 19, 18, 4, 21, 2, 14, 22, 9, 16, 7, 6, 17, 23, 15, 24, 10, 12, 1, 20, 0];
164;1.3;1.75;0.125;1.3333333333333333;4713.5107414973445;[0, 19, 8, 18, 4, 11, 5, 13, 21, 16, 9, 2, 14, 22, 10, 3, 12, 7, 1, 20, 6, 17, 23, 15, 24, 0];
165;1.3;1.75;0.125;1.4444444444444444;5025.608474638693;[0, 12, 10, 7, 9, 21, 16, 22, 14, 4, 11, 2, 5, 13, 18, 8, 19, 15, 23, 17, 6, 24, 3, 20, 1, 0];
166;1.3;1.75;0.125;1.5555555555555556;5224.710101598017;[0, 24, 11, 18, 8, 19, 15, 23, 17, 6, 3, 10, 5, 13, 4, 22, 14, 2, 21, 9, 16, 12, 1, 20, 7, 0];
167;1.3;1.75;0.125;1.6666666666666665;4769.734573875539;[0, 24, 15, 17, 8, 19, 18, 5, 13, 11, 4, 14, 22, 2, 16, 21, 9, 7, 10, 3, 12, 1, 20, 23, 6, 0];
168;1.3;1.75;0.125;1.7777777777777777;4870.324210905874;[0, 3, 6, 23, 17, 15, 18, 19, 8, 5, 13, 4, 11, 22, 14, 2, 7, 10, 12, 1, 20, 24, 16, 9, 21, 0];
169;1.3;1.75;0.125;1.8888888888888888;4812.033778410505;[0, 24, 3, 12, 1, 10, 14, 2, 21, 9, 16, 7, 22, 11, 18, 19, 8, 4, 5, 13, 15, 17, 23, 6, 20, 0];
170;1.3;1.75;0.125;2.0;4437.914405416957;[0, 12, 10, 7, 16, 9, 21, 2, 14, 22, 11, 4, 1, 20, 3, 24, 6, 17, 23, 15, 19, 8, 18, 5, 13, 0];
171;1.3;1.75;0.25;1.0;3595.219891772706;[0, 24, 3, 12, 1, 20, 6, 17, 23, 15, 8, 19, 18, 5, 13, 4, 11, 22, 14, 2, 21, 9, 16, 7, 10, 0];
172;1.3;1.75;0.25;1.1111111111111112;3610.3717989131437;[0, 24, 6, 17, 23, 15, 8, 19, 18, 5, 13, 4, 11, 22, 14, 2, 21, 16, 9, 7, 10, 12, 1, 20, 3, 0];
173;1.3;1.75;0.25;1.2222222222222223;3702.7149753732288;[0, 24, 3, 6, 17, 23, 15, 8, 19, 18, 5, 13, 4, 11, 22, 14, 2, 21, 9, 16, 7, 10, 12, 1, 20, 0];
174;1.3;1.75;0.25;1.3333333333333333;3554.476523057485;[0, 24, 6, 17, 23, 15, 19, 8, 18, 5, 13, 4, 11, 22, 14, 2, 21, 9, 16, 7, 10, 12, 1, 20, 3, 0];
175;1.3;1.75;0.25;1.4444444444444444;3624.3449150019264;[0, 24, 17, 23, 15, 19, 8, 18, 5, 13, 4, 11, 22, 14, 2, 21, 9, 16, 7, 10, 12, 1, 20, 6, 3, 0];
176;1.3;1.75;0.25;1.5555555555555556;3702.7149753732288;[0, 24, 3, 6, 17, 23, 15, 8, 19, 18, 5, 13, 4, 11, 22, 14, 2, 21, 9, 16, 7, 10, 12, 1, 20, 0];
177;1.3;1.75;0.25;1.6666666666666665;3597.1158176499816;[0, 24, 3, 12, 1, 20, 6, 17, 23, 15, 19, 8, 18, 5, 13, 4, 11, 22, 14, 2, 21, 9, 16, 7, 10, 0];
178;1.3;1.75;0.25;1.7777777777777777;3654.907019382915;[0, 24, 3, 12, 1, 20, 6, 17, 23, 15, 19, 8, 18, 5, 13, 4, 11, 22, 14, 2, 21, 16, 9, 7, 10, 0];
179;1.3;1.75;0.25;1.8888888888888888;3698.776426352617;[0, 24, 3, 20, 1, 12, 10, 7, 9, 16, 21, 2, 14, 22, 11, 4, 13, 5, 18, 8, 19, 15, 23, 17, 6, 0];
180;1.3;1.75;0.25;2.0;3597.1158176499816;[0, 24, 3, 12, 1, 20, 6, 17, 23, 15, 19, 8, 18, 5, 13, 4, 11, 22, 14, 2, 21, 9, 16, 7, 10, 0];
181;1.3;1.75;0.375;1.0;3595.219891772706;[0, 24, 3, 12, 1, 20, 6, 17, 23, 15, 8, 19, 18, 5, 13, 4, 11, 22, 14, 2, 21, 9, 16, 7, 10, 0];
182;1.3;1.75;0.375;1.1111111111111112;3597.1158176499816;[0, 24, 3, 12, 1, 20, 6, 17, 23, 15, 19, 8, 18, 5, 13, 4, 11, 22, 14, 2, 21, 9, 16, 7, 10, 0];
183;1.3;1.75;0.375;1.2222222222222223;3595.219891772706;[0, 24, 3, 12, 1, 20, 6, 17, 23, 15, 8, 19, 18, 5, 13, 4, 11, 22, 14, 2, 21, 9, 16, 7, 10, 0];
184;1.3;1.75;0.375;1.3333333333333333;3732.75608934982;[0, 24, 3, 10, 12, 1, 20, 6, 17, 23, 15, 8, 19, 18, 5, 13, 4, 11, 22, 14, 2, 21, 9, 16, 7, 0];
185;1.3;1.75;0.375;1.4444444444444444;3597.1158176499816;[0, 24, 3, 12, 1, 20, 6, 17, 23, 15, 19, 8, 18, 5, 13, 4, 11, 22, 14, 2, 21, 9, 16, 7, 10, 0];
186;1.3;1.75;0.375;1.5555555555555556;3595.219891772706;[0, 24, 3, 12, 1, 20, 6, 17, 23, 15, 8, 19, 18, 5, 13, 4, 11, 22, 14, 2, 21, 9, 16, 7, 10, 0];
187;1.3;1.75;0.375;1.6666666666666665;3595.219891772706;[0, 24, 3, 12, 1, 20, 6, 17, 23, 15, 8, 19, 18, 5, 13, 4, 11, 22, 14, 2, 21, 9, 16, 7, 10, 0];
188;1.3;1.75;0.375;1.7777777777777777;3595.219891772706;[0, 24, 3, 12, 1, 20, 6, 17, 23, 15, 8, 19, 18, 5, 13, 4, 11, 22, 14, 2, 21, 9, 16, 7, 10, 0];
189;1.3;1.75;0.375;1.8888888888888888;3600.246098992624;[0, 24, 6, 17, 23, 15, 18, 8, 19, 5, 13, 4, 11, 22, 14, 2, 21, 9, 16, 7, 10, 12, 1, 20, 3, 0];
190;1.3;1.75;0.375;2.0;3653.01109350564;[0, 24, 3, 12, 1, 20, 6, 17, 23, 15, 8, 19, 18, 5, 13, 4, 11, 22, 14, 2, 21, 16, 9, 7, 10, 0];
191;1.3;1.75;0.5;1.0;3595.219891772706;[0, 24, 3, 12, 1, 20, 6, 17, 23, 15, 8, 19, 18, 5, 13, 4, 11, 22, 14, 2, 21, 9, 16, 7, 10, 0];
192;1.3;1.75;0.5;1.1111111111111112;3595.219891772706;[0, 24, 3, 12, 1, 20, 6, 17, 23, 15, 8, 19, 18, 5, 13, 4, 11, 22, 14, 2, 21, 9, 16, 7, 10, 0];
193;1.3;1.75;0.5;1.2222222222222223;3595.219891772706;[0, 24, 3, 12, 1, 20, 6, 17, 23, 15, 8, 19, 18, 5, 13, 4, 11, 22, 14, 2, 21, 9, 16, 7, 10, 0];
194;1.3;1.75;0.5;1.3333333333333333;3597.1158176499816;[0, 24, 3, 12, 1, 20, 6, 17, 23, 15, 19, 8, 18, 5, 13, 4, 11, 22, 14, 2, 21, 9, 16, 7, 10, 0];
195;1.3;1.75;0.5;1.4444444444444444;3595.219891772706;[0, 24, 3, 12, 1, 20, 6, 17, 23, 15, 8, 19, 18, 5, 13, 4, 11, 22, 14, 2, 21, 9, 16, 7, 10, 0];
196;1.3;1.75;0.5;1.5555555555555556;3642.8853935851207;[0, 24, 3, 12, 1, 20, 6, 17, 23, 15, 18, 8, 19, 5, 13, 4, 11, 22, 14, 2, 21, 9, 16, 7, 10, 0];
197;1.3;1.75;0.5;1.6666666666666665;3642.8853935851207;[0, 24, 3, 12, 1, 20, 6, 17, 23, 15, 18, 8, 19, 5, 13, 4, 11, 22, 14, 2, 21, 9, 16, 7, 10, 0];
198;1.3;1.75;0.5;1.7777777777777777;3597.1158176499816;[0, 24, 3, 12, 1, 20, 6, 17, 23, 15, 19, 8, 18, 5, 13, 4, 11, 22, 14, 2, 21, 9, 16, 7, 10, 0];
199;1.3;1.75;0.5;1.8888888888888888;3595.219891772706;[0, 24, 3, 12, 1, 20, 6, 17, 23, 15, 8, 19, 18, 5, 13, 4, 11, 22, 14, 2, 21, 9, 16, 7, 10, 0];
200;1.3;1.75;0.5;2.0;3653.01109350564;[0, 24, 3, 12, 1, 20, 6, 17, 23, 15, 8, 19, 18, 5, 13, 4, 11, 22, 14, 2, 21, 16, 9, 7, 10, 0];
201;1.3;2.0;0.0;1.0;4593.377624331343;[0, 3, 10, 7, 1, 12, 16, 9, 2, 21, 14, 22, 11, 4, 13, 5, 19, 8, 18, 24, 23, 17, 15, 6, 20, 0];
202;1.3;2.0;0.0;1.1111111111111112;4986.415986192377;[0, 24, 7, 16, 9, 22, 14, 2, 21, 11, 4, 5, 13, 8, 19, 18, 6, 23, 17, 15, 3, 10, 20, 1, 12, 0];
203;1.3;2.0;0.0;1.2222222222222223;4976.125883533365;[0, 24, 17, 23, 15, 6, 20, 10, 12, 1, 7, 16, 9, 21, 14, 22, 2, 8, 19, 18, 4, 13, 5, 11, 3, 0];
204;1.3;2.0;0.0;1.3333333333333333;4014.318894223297;[0, 24, 3, 12, 1, 20, 6, 23, 17, 15, 13, 5, 8, 19, 18, 4, 11, 22, 14, 2, 21, 9, 16, 7, 10, 0];
205;1.3;2.0;0.0;1.4444444444444444;4765.803884020355;[0, 4, 11, 22, 14, 2, 21, 9, 16, 7, 10, 12, 1, 20, 6, 8, 19, 18, 5, 13, 15, 24, 3, 23, 17, 0];
206;1.3;2.0;0.0;1.5555555555555556;4733.511431476534;[0, 10, 24, 15, 17, 23, 8, 19, 18, 13, 5, 4, 11, 22, 14, 2, 16, 9, 21, 7, 20, 1, 12, 3, 6, 0];
207;1.3;2.0;0.0;1.6666666666666665;4975.86003163862;[0, 12, 3, 1, 20, 6, 17, 23, 24, 19, 8, 18, 5, 13, 4, 11, 9, 21, 22, 14, 2, 16, 7, 10, 15, 0];
208;1.3;2.0;0.0;1.7777777777777777;4700.479227979243;[0, 24, 23, 17, 15, 3, 1, 12, 10, 7, 9, 16, 21, 2, 14, 22, 11, 5, 13, 4, 8, 19, 18, 6, 20, 0];
209;1.3;2.0;0.0;1.8888888888888888;4708.390573409412;[0, 13, 5, 4, 11, 22, 14, 2, 21, 16, 9, 7, 20, 1, 12, 10, 3, 19, 8, 18, 24, 23, 17, 6, 15, 0];
210;1.3;2.0;0.0;2.0;4791.176146901247;[0, 24, 3, 10, 12, 1, 19, 8, 18, 13, 5, 4, 11, 14, 22, 2, 21, 9, 16, 7, 20, 17, 23, 15, 6, 0];
211;1.3;2.0;0.125;1.0;4659.984590805431;[0, 3, 24, 6, 17, 23, 15, 18, 19, 8, 5, 13, 11, 4, 22, 14, 9, 2, 16, 21, 7, 12, 1, 10, 20, 0];
212;1.3;2.0;0.125;1.1111111111111112;4610.807759570646;[0, 24, 6, 17, 23, 15, 8, 19, 18, 5, 13, 4, 11, 22, 14, 2, 21, 1, 12, 10, 7, 16, 9, 3, 20, 0];
213;1.3;2.0;0.125;1.2222222222222223;4690.463572161817;[0, 24, 10, 12, 3, 15, 23, 17, 6, 8, 19, 18, 13, 5, 4, 11, 22, 14, 9, 2, 21, 16, 7, 1, 20, 0];
214;1.3;2.0;0.125;1.3333333333333333;4493.937753936854;[0, 10, 24, 15, 23, 17, 6, 8, 19, 18, 5, 13, 4, 11, 14, 22, 2, 21, 9, 16, 7, 1, 12, 3, 20, 0];
215;1.3;2.0;0.125;1.4444444444444444;4727.505871351306;[0, 24, 10, 12, 1, 20, 3, 6, 17, 23, 15, 8, 19, 18, 4, 13, 5, 14, 22, 11, 16, 9, 2, 21, 7, 0];
216;1.3;2.0;0.125;1.5555555555555556;4877.117266314253;[0, 24, 3, 1, 12, 7, 9, 16, 14, 2, 21, 22, 11, 4, 5, 13, 19, 8, 18, 23, 17, 6, 15, 20, 10, 0];
217;1.3;2.0;0.125;1.6666666666666665;4442.139013888131;[0, 24, 3, 10, 12, 1, 7, 2, 21, 9, 16, 11, 14, 22, 4, 13, 5, 18, 19, 8, 15, 17, 23, 6, 20, 0];
218;1.3;2.0;0.125;1.7777777777777777;4654.276793293391;[0, 24, 23, 17, 6, 3, 5, 4, 11, 22, 14, 2, 21, 9, 16, 7, 20, 1, 12, 10, 13, 8, 19, 18, 15, 0];
219;1.3;2.0;0.125;1.8888888888888888;4637.126846700654;[0, 18, 8, 19, 5, 4, 13, 11, 14, 22, 2, 21, 9, 16, 7, 12, 3, 15, 17, 23, 6, 24, 10, 1, 20, 0];
220;1.3;2.0;0.125;2.0;4945.999986495832;[0, 24, 3, 6, 23, 17, 15, 8, 19, 18, 4, 5, 13, 11, 22, 14, 2, 9, 16, 7, 1, 10, 12, 20, 21, 0];
221;1.3;2.0;0.25;1.0;3632.2964027601333;[0, 24, 3, 12, 1, 20, 6, 17, 23, 15, 8, 18, 19, 5, 13, 4, 11, 22, 14, 2, 21, 9, 16, 7, 10, 0];
222;1.3;2.0;0.25;1.1111111111111112;3700.6765953180543;[0, 24, 3, 12, 1, 20, 6, 17, 23, 15, 18, 8, 19, 5, 13, 4, 11, 22, 14, 2, 21, 16, 9, 7, 10, 0];
223;1.3;2.0;0.25;1.2222222222222223;3816.5426312558184;[0, 24, 3, 6, 17, 23, 15, 18, 19, 8, 5, 13, 4, 11, 22, 14, 2, 21, 16, 9, 7, 10, 12, 1, 20, 0];
224;1.3;2.0;0.25;1.3333333333333333;3597.1158176499816;[0, 24, 3, 12, 1, 20, 6, 17, 23, 15, 19, 8, 18, 5, 13, 4, 11, 22, 14, 2, 21, 9, 16, 7, 10, 0];
225;1.3;2.0;0.25;1.4444444444444444;3654.907019382915;[0, 24, 3, 12, 1, 20, 6, 17, 23, 15, 19, 8, 18, 5, 13, 4, 11, 22, 14, 2, 21, 16, 9, 7, 10, 0];
226;1.3;2.0;0.25;1.5555555555555556;3595.219891772706;[0, 24, 3, 12, 1, 20, 6, 17, 23, 15, 8, 19, 18, 5, 13, 4, 11, 22, 14, 2, 21, 9, 16, 7, 10, 0];
227;1.3;2.0;0.25;1.6666666666666665;3597.1158176499816;[0, 24, 3, 12, 1, 20, 6, 17, 23, 15, 19, 8, 18, 5, 13, 4, 11, 22, 14, 2, 21, 9, 16, 7, 10, 0];
228;1.3;2.0;0.25;1.7777777777777777;3595.219891772706;[0, 24, 3, 12, 1, 20, 6, 17, 23, 15, 8, 19, 18, 5, 13, 4, 11, 22, 14, 2, 21, 9, 16, 7, 10, 0];
229;1.3;2.0;0.25;1.8888888888888888;3760.506177106163;[0, 24, 3, 6, 17, 23, 15, 8, 19, 18, 5, 13, 4, 11, 22, 14, 2, 21, 16, 9, 7, 10, 12, 1, 20, 0];
230;1.3;2.0;0.25;2.0;3597.1158176499816;[0, 24, 3, 12, 1, 20, 6, 17, 23, 15, 19, 8, 18, 5, 13, 4, 11, 22, 14, 2, 21, 9, 16, 7, 10, 0];
231;1.3;2.0;0.375;1.0;3552.58059718021;[0, 24, 6, 17, 23, 15, 8, 19, 18, 5, 13, 4, 11, 22, 14, 2, 21, 9, 16, 7, 10, 12, 1, 20, 3, 0];
232;1.3;2.0;0.375;1.1111111111111112;3595.219891772706;[0, 24, 3, 12, 1, 20, 6, 17, 23, 15, 8, 19, 18, 5, 13, 4, 11, 22, 14, 2, 21, 9, 16, 7, 10, 0];
233;1.3;2.0;0.375;1.2222222222222223;3552.58059718021;[0, 24, 6, 17, 23, 15, 8, 19, 18, 5, 13, 4, 11, 22, 14, 2, 21, 9, 16, 7, 10, 12, 1, 20, 3, 0];
234;1.3;2.0;0.375;1.3333333333333333;3595.219891772706;[0, 24, 3, 12, 1, 20, 6, 17, 23, 15, 8, 19, 18, 5, 13, 4, 11, 22, 14, 2, 21, 9, 16, 7, 10, 0];
235;1.3;2.0;0.375;1.4444444444444444;3597.1158176499816;[0, 24, 3, 12, 1, 20, 6, 17, 23, 15, 19, 8, 18, 5, 13, 4, 11, 22, 14, 2, 21, 9, 16, 7, 10, 0];
236;1.3;2.0;0.375;1.5555555555555556;3597.1158176499816;[0, 24, 3, 12, 1, 20, 6, 17, 23, 15, 19, 8, 18, 5, 13, 4, 11, 22, 14, 2, 21, 9, 16, 7, 10, 0];
237;1.3;2.0;0.375;1.6666666666666665;3595.219891772706;[0, 24, 3, 12, 1, 20, 6, 17, 23, 15, 8, 19, 18, 5, 13, 4, 11, 22, 14, 2, 21, 9, 16, 7, 10, 0];
238;1.3;2.0;0.375;1.7777777777777777;3595.219891772706;[0, 24, 3, 12, 1, 20, 6, 17, 23, 15, 8, 19, 18, 5, 13, 4, 11, 22, 14, 2, 21, 9, 16, 7, 10, 0];
239;1.3;2.0;0.375;1.8888888888888888;3554.476523057485;[0, 24, 6, 17, 23, 15, 19, 8, 18, 5, 13, 4, 11, 22, 14, 2, 21, 9, 16, 7, 10, 12, 1, 20, 3, 0];
240;1.3;2.0;0.375;2.0;3606.365365372797;[0, 24, 6, 23, 17, 15, 19, 8, 18, 5, 13, 4, 11, 22, 14, 2, 21, 9, 16, 7, 10, 12, 1, 20, 3, 0];
241;1.3;2.0;0.5;1.0;3595.219891772706;[0, 24, 3, 12, 1, 20, 6, 17, 23, 15, 8, 19, 18, 5, 13, 4, 11, 22, 14, 2, 21, 9, 16, 7, 10, 0];
242;1.3;2.0;0.5;1.1111111111111112;3670.5215326934936;[0, 24, 3, 10, 7, 16, 9, 21, 2, 14, 22, 11, 4, 13, 5, 18, 19, 8, 15, 23, 17, 6, 20, 1, 12, 0];
243;1.3;2.0;0.5;1.2222222222222223;3595.219891772706;[0, 24, 3, 12, 1, 20, 6, 17, 23, 15, 8, 19, 18, 5, 13, 4, 11, 22, 14, 2, 21, 9, 16, 7, 10, 0];
244;1.3;2.0;0.5;1.3333333333333333;3649.004659965293;[0, 24, 3, 12, 1, 20, 6, 23, 17, 15, 19, 8, 18, 5, 13, 4, 11, 22, 14, 2, 21, 9, 16, 7, 10, 0];
245;1.3;2.0;0.5;1.4444444444444444;3595.219891772706;[0, 24, 3, 12, 1, 20, 6, 17, 23, 15, 8, 19, 18, 5, 13, 4, 11, 22, 14, 2, 21, 9, 16, 7, 10, 0];
246;1.3;2.0;0.5;1.5555555555555556;3670.5215326934936;[0, 24, 3, 10, 7, 16, 9, 21, 2, 14, 22, 11, 4, 13, 5, 18, 19, 8, 15, 23, 17, 6, 20, 1, 12, 0];
247;1.3;2.0;0.5;1.6666666666666665;3595.219891772706;[0, 24, 3, 12, 1, 20, 6, 17, 23, 15, 8, 19, 18, 5, 13, 4, 11, 22, 14, 2, 21, 9, 16, 7, 10, 0];
248;1.3;2.0;0.5;1.7777777777777777;3595.219891772706;[0, 24, 3, 12, 1, 20, 6, 17, 23, 15, 8, 19, 18, 5, 13, 4, 11, 22, 14, 2, 21, 9, 16, 7, 10, 0];
249;1.3;2.0;0.5;1.8888888888888888;3552.58059718021;[0, 24, 6, 17, 23, 15, 8, 19, 18, 5, 13, 4, 11, 22, 14, 2, 21, 9, 16, 7, 10, 12, 1, 20, 3, 0];
250;1.3;2.0;0.5;2.0;3872.943059064121;[0, 24, 3, 10, 7, 21, 16, 9, 2, 14, 22, 11, 4, 13, 5, 18, 8, 19, 15, 23, 17, 6, 20, 1, 12, 0];
251;1.44;1.0;0.0;1.0;5959.110252235366;[0, 24, 23, 20, 15, 17, 6, 11, 8, 19, 18, 5, 13, 4, 21, 16, 9, 2, 22, 14, 3, 12, 10, 7, 1, 0];
252;1.44;1.0;0.0;1.1111111111111112;6298.44103189218;[0, 18, 19, 8, 13, 4, 11, 2, 16, 5, 15, 24, 23, 17, 3, 12, 7, 10, 1, 20, 6, 9, 21, 22, 14, 0];
253;1.44;1.0;0.0;1.2222222222222223;5752.57365401763;[0, 11, 22, 16, 7, 3, 10, 12, 1, 20, 6, 23, 17, 24, 13, 5, 19, 8, 18, 15, 4, 14, 21, 9, 2, 0];
254;1.44;1.0;0.0;1.3333333333333333;6149.214403817688;[0, 3, 24, 23, 17, 6, 12, 20, 15, 14, 21, 11, 4, 13, 5, 18, 19, 8, 10, 1, 2, 22, 16, 9, 7, 0];
255;1.44;1.0;0.0;1.4444444444444444;5827.164669712508;[0, 24, 6, 17, 23, 15, 19, 8, 18, 4, 20, 12, 1, 5, 9, 16, 13, 11, 22, 14, 2, 21, 7, 10, 3, 0];
256;1.44;1.0;0.0;1.5555555555555556;6284.537431158779;[0, 10, 12, 18, 19, 8, 7, 21, 14, 2, 16, 9, 11, 4, 5, 22, 13, 17, 23, 6, 15, 24, 3, 1, 20, 0];
257;1.44;1.0;0.0;1.6666666666666665;6005.275314948007;[0, 24, 3, 1, 12, 10, 14, 22, 4, 16, 7, 21, 2, 9, 13, 5, 18, 19, 8, 15, 6, 17, 23, 20, 11, 0];
258;1.44;1.0;0.0;1.7777777777777777;6027.338904313718;[0, 15, 17, 23, 16, 9, 13, 19, 8, 18, 24, 3, 12, 6, 20, 1, 10, 5, 4, 11, 22, 14, 2, 21, 7, 0];
259;1.44;1.0;0.0;1.8888888888888888;6472.502173976025;[0, 3, 4, 13, 8, 19, 18, 11, 14, 7, 1, 16, 9, 21, 2, 10, 15, 23, 17, 6, 24, 5, 22, 20, 12, 0];
260;1.44;1.0;0.0;2.0;6408.067289332205;[0, 3, 12, 16, 21, 2, 6, 24, 15, 8, 19, 18, 5, 13, 4, 11, 14, 22, 7, 10, 23, 17, 1, 20, 9, 0];
261;1.44;1.0;0.125;1.0;6299.559255537957;[0, 3, 24, 18, 19, 8, 5, 14, 22, 9, 2, 16, 7, 11, 4, 21, 12, 1, 10, 20, 17, 23, 15, 6, 13, 0];
262;1.44;1.0;0.125;1.1111111111111112;6195.892474411669;[0, 24, 15, 23, 17, 5, 8, 19, 18, 13, 4, 14, 2, 11, 22, 21, 16, 1, 12, 3, 6, 7, 10, 9, 20, 0];
263;1.44;1.0;0.125;1.2222222222222223;5968.143231920635;[0, 5, 10, 12, 1, 7, 14, 2, 21, 4, 16, 9, 22, 11, 13, 8, 19, 18, 23, 17, 6, 24, 3, 20, 15, 0];
264;1.44;1.0;0.125;1.3333333333333333;5879.4899829991755;[0, 24, 8, 19, 18, 13, 17, 23, 6, 20, 1, 10, 16, 2, 14, 22, 11, 4, 5, 15, 7, 21, 9, 12, 3, 0];
265;1.44;1.0;0.125;1.4444444444444444;6007.724732585677;[0, 3, 10, 12, 1, 9, 16, 11, 4, 13, 5, 8, 18, 19, 24, 23, 17, 20, 15, 6, 21, 2, 14, 22, 7, 0];
266;1.44;1.0;0.125;1.5555555555555556;6142.525085712958;[0, 24, 3, 12, 1, 7, 20, 18, 19, 8, 15, 6, 17, 23, 11, 4, 13, 5, 2, 22, 14, 10, 16, 9, 21, 0];
267;1.44;1.0;0.125;1.6666666666666665;5842.675755557674;[0, 24, 3, 12, 1, 10, 9, 16, 2, 22, 14, 21, 7, 11, 4, 13, 5, 6, 8, 19, 18, 17, 23, 15, 20, 0];
268;1.44;1.0;0.125;1.7777777777777777;6316.288336339744;[0, 15, 17, 23, 6, 3, 1, 7, 10, 12, 2, 14, 11, 22, 9, 21, 16, 13, 5, 24, 19, 8, 18, 4, 20, 0];
269;1.44;1.0;0.125;1.8888888888888888;5733.875883315681;[0, 5, 13, 7, 22, 9, 16, 21, 1, 12, 10, 24, 23, 17, 15, 8, 19, 18, 4, 11, 14, 2, 20, 6, 3, 0];
270;1.44;1.0;0.125;2.0;5072.825165739415;[0, 13, 5, 18, 19, 8, 15, 23, 17, 6, 4, 11, 14, 22, 9, 16, 21, 2, 20, 1, 7, 12, 10, 3, 24, 0];
271;1.44;1.0;0.25;1.0;3981.1118715527496;[0, 24, 3, 10, 12, 1, 7, 16, 9, 21, 2, 14, 22, 11, 4, 5, 13, 18, 8, 19, 15, 17, 23, 6, 20, 0];
272;1.44;1.0;0.25;1.1111111111111112;4213.236261577517;[0, 18, 19, 8, 5, 13, 4, 11, 22, 14, 2, 21, 16, 9, 7, 3, 20, 1, 12, 10, 6, 17, 23, 15, 24, 0];
273;1.44;1.0;0.25;1.2222222222222223;4216.676295075938;[0, 3, 12, 1, 10, 7, 9, 16, 21, 2, 14, 22, 11, 4, 13, 5, 18, 8, 19, 15, 24, 6, 17, 23, 20, 0];
274;1.44;1.0;0.25;1.3333333333333333;4173.287514520995;[0, 24, 3, 23, 17, 6, 20, 1, 12, 10, 7, 9, 16, 21, 2, 14, 22, 11, 4, 13, 5, 15, 8, 19, 18, 0];
275;1.44;1.0;0.25;1.4444444444444444;3931.847009801233;[0, 24, 3, 20, 6, 17, 23, 15, 18, 8, 19, 5, 13, 4, 11, 22, 14, 2, 9, 21, 16, 7, 12, 1, 10, 0];
276;1.44;1.0;0.25;1.5555555555555556;3826.7998827509764;[0, 24, 6, 23, 17, 15, 19, 8, 18, 5, 13, 4, 11, 22, 2, 14, 21, 16, 9, 7, 10, 12, 1, 20, 3, 0];
277;1.44;1.0;0.25;1.6666666666666665;3731.2827123373277;[0, 3, 12, 1, 20, 6, 17, 23, 15, 18, 19, 8, 5, 13, 4, 11, 22, 14, 2, 21, 9, 16, 7, 10, 24, 0];
278;1.44;1.0;0.25;1.7777777777777777;4304.311559538683;[0, 24, 3, 13, 4, 11, 22, 14, 2, 21, 9, 16, 7, 10, 12, 1, 20, 6, 15, 23, 17, 19, 8, 18, 5, 0];
279;1.44;1.0;0.25;1.8888888888888888;3832.6355499931606;[0, 3, 12, 1, 10, 7, 9, 16, 21, 2, 14, 22, 11, 4, 13, 5, 18, 19, 8, 15, 23, 17, 6, 20, 24, 0];
280;1.44;1.0;0.25;2.0;4087.1730550301418;[0, 24, 23, 17, 6, 15, 18, 8, 19, 5, 13, 4, 11, 22, 14, 2, 21, 16, 9, 7, 10, 12, 1, 3, 20, 0];
281;1.44;1.0;0.375;1.0;3649.004659965293;[0, 24, 3, 12, 1, 20, 6, 23, 17, 15, 19, 8, 18, 5, 13, 4, 11, 22, 14, 2, 21, 9, 16, 7, 10, 0];
282;1.44;1.0;0.375;1.1111111111111112;3595.219891772706;[0, 24, 3, 12, 1, 20, 6, 17, 23, 15, 8, 19, 18, 5, 13, 4, 11, 22, 14, 2, 21, 9, 16, 7, 10, 0];
283;1.44;1.0;0.375;1.2222222222222223;3554.476523057485;[0, 24, 6, 17, 23, 15, 19, 8, 18, 5, 13, 4, 11, 22, 14, 2, 21, 9, 16, 7, 10, 12, 1, 20, 3, 0];
284;1.44;1.0;0.375;1.3333333333333333;3672.417458570769;[0, 24, 3, 10, 7, 16, 9, 21, 2, 14, 22, 11, 4, 13, 5, 18, 8, 19, 15, 23, 17, 6, 20, 1, 12, 0];
285;1.44;1.0;0.375;1.4444444444444444;3704.6109012505044;[0, 24, 3, 6, 17, 23, 15, 19, 8, 18, 5, 13, 4, 11, 22, 14, 2, 21, 9, 16, 7, 10, 12, 1, 20, 0];
286;1.44;1.0;0.375;1.5555555555555556;3595.219891772706;[0, 24, 3, 12, 1, 20, 6, 17, 23, 15, 8, 19, 18, 5, 13, 4, 11, 22, 14, 2, 21, 9, 16, 7, 10, 0];
287;1.44;1.0;0.375;1.6666666666666665;3595.219891772706;[0, 24, 3, 12, 1, 20, 6, 17, 23, 15, 8, 19, 18, 5, 13, 4, 11, 22, 14, 2, 21, 9, 16, 7, 10, 0];
288;1.44;1.0;0.375;1.7777777777777777;3728.312734426427;[0, 24, 3, 10, 7, 9, 16, 21, 2, 14, 22, 11, 4, 13, 5, 18, 19, 8, 15, 23, 17, 6, 20, 1, 12, 0];
289;1.44;1.0;0.375;1.8888888888888888;3642.8853935851207;[0, 24, 3, 12, 1, 20, 6, 17, 23, 15, 18, 8, 19, 5, 13, 4, 11, 22, 14, 2, 21, 9, 16, 7, 10, 0];
290;1.44;1.0;0.375;2.0;3642.8853935851207;[0, 24, 3, 12, 1, 20, 6, 17, 23, 15, 18, 8, 19, 5, 13, 4, 11, 22, 14, 2, 21, 9, 16, 7, 10, 0];
291;1.44;1.0;0.5;1.0;3595.219891772706;[0, 24, 3, 12, 1, 20, 6, 17, 23, 15, 8, 19, 18, 5, 13, 4, 11, 22, 14, 2, 21, 9, 16, 7, 10, 0];
292;1.44;1.0;0.5;1.1111111111111112;3554.476523057485;[0, 24, 6, 17, 23, 15, 19, 8, 18, 5, 13, 4, 11, 22, 14, 2, 21, 9, 16, 7, 10, 12, 1, 20, 3, 0];
293;1.44;1.0;0.5;1.2222222222222223;3760.1269024731337;[0, 24, 3, 12, 1, 20, 6, 17, 23, 15, 8, 19, 18, 13, 5, 4, 11, 22, 14, 2, 21, 16, 9, 7, 10, 0];
294;1.44;1.0;0.5;1.3333333333333333;3595.219891772706;[0, 24, 3, 12, 1, 20, 6, 17, 23, 15, 8, 19, 18, 5, 13, 4, 11, 22, 14, 2, 21, 9, 16, 7, 10, 0];
295;1.44;1.0;0.5;1.4444444444444444;3784.644931665131;[0, 24, 3, 10, 12, 1, 20, 6, 23, 17, 15, 8, 19, 18, 5, 13, 4, 11, 22, 14, 2, 21, 9, 16, 7, 0];
296;1.44;1.0;0.5;1.5555555555555556;3597.1158176499816;[0, 24, 3, 12, 1, 20, 6, 17, 23, 15, 19, 8, 18, 5, 13, 4, 11, 22, 14, 2, 21, 9, 16, 7, 10, 0];
297;1.44;1.0;0.5;1.6666666666666665;3709.0475476552956;[0, 24, 3, 12, 1, 20, 6, 17, 23, 15, 18, 19, 8, 5, 13, 4, 11, 22, 14, 2, 21, 16, 9, 7, 10, 0];
298;1.44;1.0;0.5;1.7777777777777777;3670.1144909370655;[0, 24, 17, 23, 15, 18, 8, 19, 5, 13, 4, 11, 22, 14, 2, 21, 9, 16, 7, 10, 12, 1, 20, 6, 3, 0];
299;1.44;1.0;0.5;1.8888888888888888;3653.01109350564;[0, 24, 3, 12, 1, 20, 6, 17, 23, 15, 8, 19, 18, 5, 13, 4, 11, 22, 14, 2, 21, 16, 9, 7, 10, 0];
300;1.44;1.0;0.5;2.0;3600.246098992624;[0, 24, 6, 17, 23, 15, 18, 8, 19, 5, 13, 4, 11, 22, 14, 2, 21, 9, 16, 7, 10, 12, 1, 20, 3, 0];
301;1.44;1.25;0.0;1.0;5571.432813586878;[0, 20, 7, 16, 9, 10, 12, 1, 24, 3, 6, 23, 17, 4, 13, 22, 2, 21, 14, 11, 5, 18, 8, 19, 15, 0];
302;1.44;1.25;0.0;1.1111111111111112;5566.401432262488;[0, 9, 16, 21, 2, 10, 17, 23, 6, 3, 20, 12, 1, 7, 14, 22, 11, 13, 5, 18, 8, 19, 15, 24, 4, 0];
303;1.44;1.25;0.0;1.2222222222222223;5601.472421875813;[0, 6, 23, 17, 15, 8, 18, 5, 19, 13, 14, 22, 21, 16, 9, 2, 4, 11, 24, 12, 20, 3, 1, 7, 10, 0];
304;1.44;1.25;0.0;1.3333333333333333;5823.968058694174;[0, 14, 22, 11, 4, 8, 18, 19, 15, 17, 23, 1, 12, 24, 6, 3, 10, 7, 16, 9, 2, 21, 13, 5, 20, 0];
305;1.44;1.25;0.0;1.4444444444444444;5850.252035699275;[0, 11, 5, 13, 18, 19, 8, 6, 17, 23, 24, 15, 4, 22, 2, 14, 9, 10, 21, 16, 7, 1, 12, 20, 3, 0];
306;1.44;1.25;0.0;1.5555555555555556;5969.6775145053825;[0, 23, 15, 24, 6, 17, 16, 21, 14, 22, 11, 4, 13, 2, 9, 7, 3, 10, 12, 20, 1, 19, 8, 18, 5, 0];
307;1.44;1.25;0.0;1.6666666666666665;5961.2983060403685;[0, 24, 3, 4, 7, 10, 16, 9, 2, 21, 14, 22, 18, 19, 8, 1, 12, 20, 6, 23, 17, 15, 5, 13, 11, 0];
308;1.44;1.25;0.0;1.7777777777777777;5796.284139544406;[0, 10, 24, 20, 19, 8, 18, 5, 13, 4, 11, 16, 2, 9, 21, 22, 14, 7, 3, 12, 1, 17, 23, 6, 15, 0];
309;1.44;1.25;0.0;1.8888888888888888;5653.583749720005;[0, 19, 18, 4, 13, 3, 12, 1, 7, 9, 16, 22, 14, 2, 21, 11, 5, 24, 8, 15, 23, 17, 6, 20, 10, 0];
310;1.44;1.25;0.0;2.0;5530.426644443909;[0, 10, 6, 17, 15, 23, 24, 3, 1, 12, 20, 2, 21, 16, 14, 9, 7, 22, 11, 18, 19, 8, 5, 13, 4, 0];
311;1.44;1.25;0.125;1.0;5506.640533575517;[0, 24, 4, 22, 14, 12, 16, 9, 2, 21, 7, 1, 20, 6, 3, 10, 11, 13, 5, 19, 8, 18, 15, 17, 23, 0];
312;1.44;1.25;0.125;1.1111111111111112;5572.38649064444;[0, 3, 24, 10, 7, 16, 9, 14, 22, 21, 2, 5, 19, 8, 18, 15, 6, 1, 12, 20, 17, 23, 11, 4, 13, 0];
313;1.44;1.25;0.125;1.2222222222222223;5755.048092301289;[0, 12, 6, 24, 5, 13, 11, 14, 22, 10, 3, 1, 20, 7, 9, 16, 2, 21, 4, 18, 19, 8, 17, 15, 23, 0];
314;1.44;1.25;0.125;1.3333333333333333;5613.564845131292;[0, 24, 5, 13, 4, 11, 9, 16, 7, 12, 1, 10, 22, 14, 2, 21, 3, 17, 23, 15, 19, 8, 18, 20, 6, 0];
315;1.44;1.25;0.125;1.4444444444444444;5655.784490571512;[0, 24, 22, 11, 14, 4, 13, 5, 18, 19, 8, 2, 21, 9, 7, 16, 10, 6, 17, 23, 15, 3, 1, 12, 20, 0];
316;1.44;1.25;0.125;1.5555555555555556;5049.839290451722;[0, 3, 12, 1, 24, 6, 23, 17, 15, 19, 8, 18, 5, 11, 22, 14, 4, 13, 16, 9, 21, 2, 7, 10, 20, 0];
317;1.44;1.25;0.125;1.6666666666666665;5676.840785761001;[0, 10, 12, 7, 3, 24, 1, 17, 23, 15, 6, 8, 18, 19, 5, 13, 4, 11, 22, 14, 2, 16, 9, 21, 20, 0];
318;1.44;1.25;0.125;1.7777777777777777;5451.9268631892155;[0, 12, 7, 16, 14, 21, 2, 9, 22, 11, 4, 13, 18, 8, 19, 17, 23, 3, 24, 10, 1, 20, 6, 15, 5, 0];
319;1.44;1.25;0.125;1.8888888888888888;5836.527282064251;[0, 15, 23, 17, 8, 19, 18, 4, 11, 22, 2, 9, 16, 7, 21, 14, 12, 13, 5, 3, 6, 24, 10, 1, 20, 0];
320;1.44;1.25;0.125;2.0;5806.631341147975;[0, 12, 1, 10, 7, 16, 9, 2, 17, 23, 6, 24, 15, 8, 19, 18, 11, 5, 13, 4, 22, 14, 21, 3, 20, 0];
321;1.44;1.25;0.25;1.0;3698.776426352617;[0, 24, 3, 20, 1, 12, 10, 7, 9, 16, 21, 2, 14, 22, 11, 4, 13, 5, 18, 8, 19, 15, 23, 17, 6, 0];
322;1.44;1.25;0.25;1.1111111111111112;3924.2030562384143;[0, 24, 3, 12, 1, 20, 10, 7, 16, 9, 21, 2, 14, 22, 11, 4, 5, 13, 18, 8, 19, 15, 17, 23, 6, 0];
323;1.44;1.25;0.25;1.2222222222222223;3702.7149753732288;[0, 24, 3, 6, 17, 23, 15, 8, 19, 18, 5, 13, 4, 11, 22, 14, 2, 21, 9, 16, 7, 10, 12, 1, 20, 0];
324;1.44;1.25;0.25;1.3333333333333333;3799.439978527764;[0, 3, 24, 17, 6, 20, 1, 12, 10, 7, 16, 9, 21, 2, 14, 22, 11, 4, 13, 5, 18, 8, 19, 15, 23, 0];
325;1.44;1.25;0.25;1.4444444444444444;3752.9169546249977;[0, 24, 3, 20, 1, 12, 10, 7, 9, 16, 21, 2, 14, 22, 11, 4, 13, 5, 8, 19, 18, 15, 23, 17, 6, 0];
326;1.44;1.25;0.25;1.5555555555555556;3704.6109012505044;[0, 24, 3, 6, 17, 23, 15, 19, 8, 18, 5, 13, 4, 11, 22, 14, 2, 21, 9, 16, 7, 10, 12, 1, 20, 0];
327;1.44;1.25;0.25;1.6666666666666665;3638.3923035121097;[0, 24, 6, 17, 23, 15, 8, 19, 18, 5, 4, 13, 11, 22, 14, 2, 21, 9, 16, 7, 10, 12, 1, 20, 3, 0];
328;1.44;1.25;0.25;1.7777777777777777;3980.7448916814033;[0, 24, 6, 17, 23, 15, 18, 19, 8, 5, 13, 4, 11, 22, 14, 2, 21, 16, 9, 10, 7, 1, 20, 12, 3, 0];
329;1.44;1.25;0.25;1.8888888888888888;3554.476523057485;[0, 24, 6, 17, 23, 15, 19, 8, 18, 5, 13, 4, 11, 22, 14, 2, 21, 9, 16, 7, 10, 12, 1, 20, 3, 0];
330;1.44;1.25;0.25;2.0;3718.297095378111;[0, 24, 6, 23, 17, 15, 18, 19, 8, 5, 13, 4, 11, 22, 14, 2, 21, 16, 9, 7, 10, 12, 1, 20, 3, 0];
331;1.44;1.25;0.375;1.0;3726.557986843149;[0, 24, 3, 10, 7, 16, 9, 21, 2, 14, 22, 11, 4, 13, 5, 8, 19, 18, 15, 23, 17, 6, 20, 1, 12, 0];
332;1.44;1.25;0.375;1.1111111111111112;3903.2405758665823;[0, 24, 3, 6, 17, 23, 15, 8, 19, 18, 5, 13, 4, 11, 22, 14, 2, 9, 16, 21, 7, 10, 12, 1, 20, 0];
333;1.44;1.25;0.375;1.2222222222222223;3554.476523057485;[0, 24, 6, 17, 23, 15, 19, 8, 18, 5, 13, 4, 11, 22, 14, 2, 21, 9, 16, 7, 10, 12, 1, 20, 3, 0];
334;1.44;1.25;0.375;1.3333333333333333;3595.219891772706;[0, 24, 3, 12, 1, 20, 6, 17, 23, 15, 8, 19, 18, 5, 13, 4, 11, 22, 14, 2, 21, 9, 16, 7, 10, 0];
335;1.44;1.25;0.375;1.4444444444444444;3670.5215326934936;[0, 24, 3, 10, 7, 16, 9, 21, 2, 14, 22, 11, 4, 13, 5, 18, 19, 8, 15, 23, 17, 6, 20, 1, 12, 0];
336;1.44;1.25;0.375;1.5555555555555556;3654.907019382915;[0, 24, 3, 12, 1, 20, 6, 17, 23, 15, 19, 8, 18, 5, 13, 4, 11, 22, 14, 2, 21, 16, 9, 7, 10, 0];
337;1.44;1.25;0.375;1.6666666666666665;3595.219891772706;[0, 24, 3, 12, 1, 20, 6, 17, 23, 15, 8, 19, 18, 5, 13, 4, 11, 22, 14, 2, 21, 9, 16, 7, 10, 0];
338;1.44;1.25;0.375;1.7777777777777777;3595.219891772706;[0, 24, 3, 12, 1, 20, 6, 17, 23, 15, 8, 19, 18, 5, 13, 4, 11, 22, 14, 2, 21, 9, 16, 7, 10, 0];
339;1.44;1.25;0.375;1.8888888888888888;3595.219891772706;[0, 24, 3, 12, 1, 20, 6, 17, 23, 15, 8, 19, 18, 5, 13, 4, 11, 22, 14, 2, 21, 9, 16, 7, 10, 0];
340;1.44;1.25;0.375;2.0;3640.985224619684;[0, 24, 3, 20, 1, 12, 10, 7, 16, 9, 21, 2, 14, 22, 11, 4, 13, 5, 18, 8, 19, 15, 23, 17, 6, 0];
341;1.44;1.25;0.5;1.0;3678.4854432743073;[0, 24, 17, 23, 15, 18, 19, 8, 5, 13, 4, 11, 22, 14, 2, 21, 9, 16, 7, 10, 12, 1, 20, 6, 3, 0];
342;1.44;1.25;0.5;1.1111111111111112;3595.219891772706;[0, 24, 3, 12, 1, 20, 6, 17, 23, 15, 8, 19, 18, 5, 13, 4, 11, 22, 14, 2, 21, 9, 16, 7, 10, 0];
343;1.44;1.25;0.5;1.2222222222222223;3597.1158176499816;[0, 24, 3, 12, 1, 20, 6, 17, 23, 15, 19, 8, 18, 5, 13, 4, 11, 22, 14, 2, 21, 9, 16, 7, 10, 0];
344;1.44;1.25;0.5;1.3333333333333333;3595.219891772706;[0, 24, 3, 12, 1, 20, 6, 17, 23, 15, 8, 19, 18, 5, 13, 4, 11, 22, 14, 2, 21, 9, 16, 7, 10, 0];
345;1.44;1.25;0.5;1.4444444444444444;3552.5805971802106;[0, 3, 20, 1, 12, 10, 7, 16, 9, 21, 2, 14, 22, 11, 4, 13, 5, 18, 19, 8, 15, 23, 17, 6, 24, 0];
346;1.44;1.25;0.5;1.5555555555555556;3595.219891772706;[0, 24, 3, 12, 1, 20, 6, 17, 23, 15, 8, 19, 18, 5, 13, 4, 11, 22, 14, 2, 21, 9, 16, 7, 10, 0];
347;1.44;1.25;0.5;1.6666666666666665;3597.1158176499816;[0, 24, 3, 12, 1, 20, 6, 17, 23, 15, 19, 8, 18, 5, 13, 4, 11, 22, 14, 2, 21, 9, 16, 7, 10, 0];
348;1.44;1.25;0.5;1.7777777777777777;3554.476523057485;[0, 24, 6, 17, 23, 15, 19, 8, 18, 5, 13, 4, 11, 22, 14, 2, 21, 9, 16, 7, 10, 12, 1, 20, 3, 0];
349;1.44;1.25;0.5;1.8888888888888888;3734.6520152270946;[0, 24, 3, 10, 12, 1, 20, 6, 17, 23, 15, 19, 8, 18, 5, 13, 4, 11, 22, 14, 2, 21, 9, 16, 7, 0];
350;1.44;1.25;0.5;2.0;3642.8853935851207;[0, 24, 3, 12, 1, 20, 6, 17, 23, 15, 18, 8, 19, 5, 13, 4, 11, 22, 14, 2, 21, 9, 16, 7, 10, 0];
351;1.44;1.5;0.0;1.0;5069.283656306501;[0, 24, 15, 23, 17, 6, 20, 1, 10, 12, 16, 9, 11, 22, 14, 2, 21, 4, 13, 5, 18, 19, 8, 3, 7, 0];
352;1.44;1.5;0.0;1.1111111111111112;5024.598840020444;[0, 1, 20, 6, 23, 17, 12, 13, 5, 19, 8, 18, 11, 4, 22, 14, 2, 21, 9, 16, 7, 10, 3, 24, 15, 0];
353;1.44;1.5;0.0;1.2222222222222223;5199.276838349823;[0, 3, 1, 12, 10, 9, 16, 14, 22, 2, 21, 7, 20, 6, 17, 23, 15, 19, 8, 18, 5, 13, 24, 4, 11, 0];
354;1.44;1.5;0.0;1.3333333333333333;5426.701544276575;[0, 4, 2, 14, 9, 16, 21, 22, 5, 18, 8, 19, 15, 17, 23, 6, 24, 13, 11, 7, 10, 3, 12, 1, 20, 0];
355;1.44;1.5;0.0;1.4444444444444444;5188.399935767548;[0, 10, 3, 6, 17, 23, 24, 15, 8, 19, 18, 5, 13, 4, 11, 2, 14, 7, 12, 1, 16, 9, 21, 22, 20, 0];
356;1.44;1.5;0.0;1.5555555555555556;5133.077861721716;[0, 10, 12, 1, 20, 7, 16, 9, 21, 2, 14, 22, 11, 4, 19, 8, 18, 3, 17, 23, 24, 5, 13, 15, 6, 0];
357;1.44;1.5;0.0;1.6666666666666665;5272.784977472244;[0, 15, 6, 23, 17, 11, 4, 8, 19, 13, 5, 18, 2, 14, 22, 21, 9, 16, 7, 10, 12, 1, 20, 3, 24, 0];
358;1.44;1.5;0.0;1.7777777777777777;5498.3872934434885;[0, 24, 3, 1, 12, 10, 11, 2, 9, 16, 21, 14, 22, 7, 17, 15, 19, 8, 18, 5, 13, 4, 23, 6, 20, 0];
359;1.44;1.5;0.0;1.8888888888888888;5416.550590906695;[0, 12, 1, 7, 21, 9, 16, 2, 14, 22, 13, 11, 4, 5, 10, 3, 24, 23, 17, 15, 20, 6, 19, 8, 18, 0];
360;1.44;1.5;0.0;2.0;5335.3905146828665;[0, 3, 24, 23, 15, 17, 6, 20, 7, 11, 22, 2, 21, 14, 16, 9, 10, 12, 1, 13, 5, 8, 19, 18, 4, 0];
361;1.44;1.5;0.125;1.0;5012.09768556276;[0, 8, 19, 18, 13, 5, 4, 11, 22, 14, 21, 16, 9, 2, 7, 12, 1, 10, 24, 23, 17, 3, 6, 20, 15, 0];
362;1.44;1.5;0.125;1.1111111111111112;5393.592414131165;[0, 3, 23, 17, 8, 19, 18, 22, 14, 21, 16, 9, 2, 11, 4, 13, 5, 15, 24, 1, 12, 10, 7, 20, 6, 0];
363;1.44;1.5;0.125;1.2222222222222223;5353.760399646604;[0, 22, 3, 24, 6, 17, 23, 15, 8, 19, 18, 5, 13, 4, 11, 14, 16, 21, 9, 2, 20, 7, 10, 1, 12, 0];
364;1.44;1.5;0.125;1.3333333333333333;5339.495270301125;[0, 10, 5, 13, 4, 11, 22, 14, 8, 19, 18, 15, 6, 17, 23, 24, 3, 12, 1, 9, 21, 2, 16, 7, 20, 0];
365;1.44;1.5;0.125;1.4444444444444444;5227.272620646838;[0, 10, 24, 18, 8, 19, 13, 5, 4, 11, 22, 14, 2, 21, 9, 16, 1, 12, 3, 17, 23, 6, 15, 20, 7, 0];
366;1.44;1.5;0.125;1.5555555555555556;5079.576084171235;[0, 24, 19, 8, 18, 15, 23, 17, 3, 1, 7, 16, 21, 22, 14, 2, 9, 11, 4, 13, 5, 6, 20, 12, 10, 0];
367;1.44;1.5;0.125;1.6666666666666665;4604.582914136284;[0, 24, 13, 4, 11, 22, 14, 21, 2, 9, 16, 5, 18, 8, 19, 15, 17, 23, 6, 20, 1, 7, 12, 10, 3, 0];
368;1.44;1.5;0.125;1.7777777777777777;5524.625836469057;[0, 3, 12, 1, 10, 7, 22, 11, 5, 18, 19, 8, 24, 13, 4, 14, 9, 16, 21, 2, 20, 23, 17, 6, 15, 0];
369;1.44;1.5;0.125;1.8888888888888888;5013.093651436164;[0, 24, 10, 7, 2, 22, 14, 11, 21, 16, 9, 4, 13, 5, 8, 19, 18, 3, 12, 1, 20, 6, 15, 17, 23, 0];
370;1.44;1.5;0.125;2.0;5420.187793125833;[0, 17, 23, 24, 10, 1, 16, 9, 22, 14, 2, 21, 4, 5, 18, 8, 19, 13, 11, 7, 12, 3, 20, 6, 15, 0];
371;1.44;1.5;0.25;1.0;4048.7170875532624;[0, 3, 17, 23, 6, 24, 15, 19, 8, 18, 5, 13, 4, 11, 22, 14, 2, 21, 9, 16, 7, 12, 1, 20, 10, 0];
372;1.44;1.5;0.25;1.1111111111111112;3687.505867499648;[0, 24, 3, 12, 1, 20, 6, 17, 23, 15, 8, 19, 18, 5, 13, 4, 11, 22, 14, 21, 2, 9, 16, 7, 10, 0];
373;1.44;1.5;0.25;1.2222222222222223;3854.203533924607;[0, 24, 3, 12, 10, 1, 20, 6, 17, 23, 15, 18, 8, 19, 5, 13, 4, 11, 22, 14, 2, 21, 9, 16, 7, 0];
374;1.44;1.5;0.25;1.3333333333333333;3700.6765953180548;[0, 10, 7, 9, 16, 21, 2, 14, 22, 11, 4, 13, 5, 19, 8, 18, 15, 23, 17, 6, 20, 1, 12, 3, 24, 0];
375;1.44;1.5;0.25;1.4444444444444444;3608.6170513298657;[0, 24, 6, 17, 23, 15, 18, 19, 8, 5, 13, 4, 11, 22, 14, 2, 21, 9, 16, 7, 10, 12, 1, 20, 3, 0];
376;1.44;1.5;0.25;1.5555555555555556;3651.2563459223616;[0, 24, 3, 12, 1, 20, 6, 17, 23, 15, 18, 19, 8, 5, 13, 4, 11, 22, 14, 2, 21, 9, 16, 7, 10, 0];
377;1.44;1.5;0.25;1.6666666666666665;3702.3357007401996;[0, 24, 3, 12, 1, 20, 6, 17, 23, 15, 8, 19, 18, 13, 5, 4, 11, 22, 14, 2, 21, 9, 16, 7, 10, 0];
378;1.44;1.5;0.25;1.7777777777777777;3654.907019382915;[0, 24, 3, 12, 1, 20, 6, 17, 23, 15, 19, 8, 18, 5, 13, 4, 11, 22, 14, 2, 21, 16, 9, 7, 10, 0];
379;1.44;1.5;0.25;1.8888888888888888;3718.1870345059083;[0, 24, 3, 10, 7, 16, 9, 21, 2, 14, 22, 11, 4, 13, 5, 19, 8, 18, 15, 23, 17, 6, 20, 1, 12, 0];
380;1.44;1.5;0.25;2.0;3732.75608934982;[0, 24, 3, 10, 12, 1, 20, 6, 17, 23, 15, 8, 19, 18, 5, 13, 4, 11, 22, 14, 2, 21, 9, 16, 7, 0];
381;1.44;1.5;0.375;1.0;3610.3717989131437;[0, 24, 6, 17, 23, 15, 8, 19, 18, 5, 13, 4, 11, 22, 14, 2, 21, 16, 9, 7, 10, 12, 1, 20, 3, 0];
382;1.44;1.5;0.375;1.1111111111111112;3597.1158176499816;[0, 24, 3, 12, 1, 20, 6, 17, 23, 15, 19, 8, 18, 5, 13, 4, 11, 22, 14, 2, 21, 9, 16, 7, 10, 0];
383;1.44;1.5;0.375;1.2222222222222223;3554.476523057485;[0, 24, 6, 17, 23, 15, 19, 8, 18, 5, 13, 4, 11, 22, 14, 2, 21, 9, 16, 7, 10, 12, 1, 20, 3, 0];
